{
  "creds": {
    "apiKey": "AIzaSyDhJNoTOCnIfFfzIfoXMHPaL9r9OuRZ-5E",
    "authDomain": "social-app-fb7ec.firebaseapp.com",
    "databaseURL": "https://social-app-fb7ec-default-rtdb.firebaseio.com",
    "projectId": "social-app-fb7ec",
    "storageBucket": "social-app-fb7ec.appspot.com",
    "messagingSenderId": "365707850125",
    "appId": "1:365707850125:web:cefa3ab416c701ad51cdc4",
    "measurementId": "G-WGNMMSG364"
  },
  "mongo": "mongodb+srv://studiousgamer:streamwillbeepic@dataforstream.adzy2.mongodb.net/myFirstDatabase?retryWrites=true&w=majority",
  "sessionkey": "F+RPqIgszY9TRwOVzCC0*nX3ylhjb+jbGg0TgEcccSg==*WD1TIUb4ESRAB1KUkOOF+Q==*qe8Jgv9V9lOmiF85MgfpVQ=="
}
